company_id,year,cfo_sign,cfi_sign,cff_sign,pattern_label
ABB,2012,+,+,+,Cash Accumulator
ABB,2014,+,+,+,Cash Accumulator
ABB,2015,+,+,+,Cash Accumulator
ABB,2016,+,+,+,Cash Accumulator
ABB,2017,+,+,+,Cash Accumulator
ABB,2018,+,+,+,Cash Accumulator
ABB,2019,+,+,+,Cash Accumulator
ABB,2020,+,+,+,Cash Accumulator
ABB,2021,+,+,+,Cash Accumulator
ABB,2022,+,+,+,Cash Accumulator
ABB,2023,+,+,+,Cash Accumulator
ABB,2024,+,+,+,Cash Accumulator
ABB,0,+,+,+,Cash Accumulator
ADANIENSOL,2014,+,+,+,Cash Accumulator
ADANIENSOL,2015,+,+,+,Cash Accumulator
ADANIENSOL,2016,+,+,+,Cash Accumulator
ADANIENSOL,2017,+,+,+,Cash Accumulator
ADANIENSOL,2018,+,+,+,Cash Accumulator
ADANIENSOL,2019,+,+,+,Cash Accumulator
ADANIENSOL,2020,+,+,+,Cash Accumulator
ADANIENSOL,2021,+,+,+,Cash Accumulator
ADANIENSOL,2022,+,+,+,Cash Accumulator
ADANIENSOL,2023,+,+,+,Cash Accumulator
ADANIENSOL,2024,+,+,+,Cash Accumulator
ADANIENSOL,0,+,+,+,Cash Accumulator
ADANIENT,2013,+,+,+,Cash Accumulator
ADANIENT,2014,+,+,+,Cash Accumulator
ADANIENT,2015,+,+,+,Cash Accumulator
ADANIENT,2016,+,+,+,Cash Accumulator
ADANIENT,2017,+,+,+,Cash Accumulator
ADANIENT,2018,+,+,+,Cash Accumulator
ADANIENT,2019,+,+,+,Cash Accumulator
ADANIENT,2020,+,+,+,Cash Accumulator
ADANIENT,2021,+,+,+,Cash Accumulator
ADANIENT,2022,+,+,+,Cash Accumulator
ADANIENT,2023,+,+,+,Cash Accumulator
ADANIENT,2024,+,+,+,Cash Accumulator
ADANIENT,0,+,+,+,Cash Accumulator
ADANIGREEN,2017,+,+,+,Cash Accumulator
ADANIGREEN,2018,+,+,+,Cash Accumulator
ADANIGREEN,2019,+,+,+,Cash Accumulator
ADANIGREEN,2020,+,+,+,Cash Accumulator
ADANIGREEN,2021,+,+,+,Cash Accumulator
ADANIGREEN,2022,+,+,+,Cash Accumulator
ADANIGREEN,2023,+,+,+,Cash Accumulator
ADANIGREEN,2024,+,+,+,Cash Accumulator
ADANIGREEN,0,+,+,+,Cash Accumulator
ADANIPORTS,2013,+,+,+,Cash Accumulator
ADANIPORTS,2014,+,+,+,Cash Accumulator
ADANIPORTS,2015,+,+,+,Cash Accumulator
ADANIPORTS,2016,+,+,+,Cash Accumulator
ADANIPORTS,2017,+,+,+,Cash Accumulator
ADANIPORTS,2018,+,+,+,Cash Accumulator
ADANIPORTS,2019,+,+,+,Cash Accumulator
ADANIPORTS,2020,+,+,+,Cash Accumulator
ADANIPORTS,2021,+,+,+,Cash Accumulator
ADANIPORTS,2022,+,+,+,Cash Accumulator
ADANIPORTS,2023,+,+,+,Cash Accumulator
ADANIPORTS,2024,+,+,+,Cash Accumulator
ADANIPORTS,0,+,+,+,Cash Accumulator
ADANIPOWER,2013,+,+,+,Cash Accumulator
ADANIPOWER,2014,+,+,+,Cash Accumulator
ADANIPOWER,2015,+,+,+,Cash Accumulator
ADANIPOWER,2016,+,+,+,Cash Accumulator
ADANIPOWER,2017,+,+,+,Cash Accumulator
ADANIPOWER,2018,+,+,+,Cash Accumulator
ADANIPOWER,2019,+,+,+,Cash Accumulator
ADANIPOWER,2020,+,+,+,Cash Accumulator
ADANIPOWER,2021,+,+,+,Cash Accumulator
ADANIPOWER,2022,+,+,+,Cash Accumulator
ADANIPOWER,2023,+,+,+,Cash Accumulator
ADANIPOWER,2024,+,+,+,Cash Accumulator
ADANIPOWER,0,+,+,+,Cash Accumulator
AMBUJACEM,2012,+,+,+,Cash Accumulator
AMBUJACEM,2013,+,+,+,Cash Accumulator
AMBUJACEM,2014,+,+,+,Cash Accumulator
AMBUJACEM,2015,+,+,+,Cash Accumulator
AMBUJACEM,2016,+,+,+,Cash Accumulator
AMBUJACEM,2017,+,+,+,Cash Accumulator
AMBUJACEM,2018,+,+,+,Cash Accumulator
AMBUJACEM,2019,+,+,+,Cash Accumulator
AMBUJACEM,2020,+,+,+,Cash Accumulator
AMBUJACEM,2021,+,+,+,Cash Accumulator
AMBUJACEM,2023,+,+,+,Cash Accumulator
AMBUJACEM,2024,+,+,+,Cash Accumulator
AMBUJACEM,0,+,+,+,Cash Accumulator
APOLLOHOSP,2013,+,+,+,Cash Accumulator
APOLLOHOSP,2014,+,+,+,Cash Accumulator
APOLLOHOSP,2015,+,+,+,Cash Accumulator
APOLLOHOSP,2016,+,+,+,Cash Accumulator
APOLLOHOSP,2017,+,+,+,Cash Accumulator
APOLLOHOSP,2018,+,+,+,Cash Accumulator
APOLLOHOSP,2019,+,+,+,Cash Accumulator
APOLLOHOSP,2020,+,+,+,Cash Accumulator
APOLLOHOSP,2021,+,+,+,Cash Accumulator
APOLLOHOSP,2022,+,+,+,Cash Accumulator
APOLLOHOSP,2023,+,+,+,Cash Accumulator
APOLLOHOSP,2024,+,+,+,Cash Accumulator
APOLLOHOSP,0,+,+,+,Cash Accumulator
ASIANPAINT,2013,+,+,+,Cash Accumulator
ASIANPAINT,2014,+,+,+,Cash Accumulator
ASIANPAINT,2015,+,+,+,Cash Accumulator
ASIANPAINT,2016,+,+,+,Cash Accumulator
ASIANPAINT,2017,+,+,+,Cash Accumulator
ASIANPAINT,2018,+,+,+,Cash Accumulator
ASIANPAINT,2019,+,+,+,Cash Accumulator
ASIANPAINT,2020,+,+,+,Cash Accumulator
ASIANPAINT,2021,+,+,+,Cash Accumulator
ASIANPAINT,2022,+,+,+,Cash Accumulator
ASIANPAINT,2023,+,+,+,Cash Accumulator
ASIANPAINT,2024,+,+,+,Cash Accumulator
ASIANPAINT,0,+,+,+,Cash Accumulator
ATGL,2018,+,+,+,Cash Accumulator
ATGL,2019,+,+,+,Cash Accumulator
ATGL,2020,+,+,+,Cash Accumulator
ATGL,2021,+,+,+,Cash Accumulator
ATGL,2022,+,+,+,Cash Accumulator
ATGL,2023,+,+,+,Cash Accumulator
ATGL,2024,+,+,+,Cash Accumulator
ATGL,0,+,+,+,Cash Accumulator
BAJAJ-AUTO,2013,+,+,+,Cash Accumulator
BAJAJ-AUTO,2014,+,+,+,Cash Accumulator
BAJAJ-AUTO,2015,+,+,+,Cash Accumulator
BAJAJ-AUTO,2016,+,+,+,Cash Accumulator
BAJAJ-AUTO,2017,+,+,+,Cash Accumulator
BAJAJ-AUTO,2018,+,+,+,Cash Accumulator
BAJAJ-AUTO,2019,+,+,+,Cash Accumulator
BAJAJ-AUTO,2020,+,+,+,Cash Accumulator
BAJAJ-AUTO,2021,+,+,+,Cash Accumulator
BAJAJ-AUTO,2022,+,+,+,Cash Accumulator
BAJAJ-AUTO,2023,+,+,+,Cash Accumulator
BAJAJ-AUTO,2024,+,+,+,Cash Accumulator
BAJAJ-AUTO,0,+,+,+,Cash Accumulator
AXISBANK,2013,+,+,+,Cash Accumulator
AXISBANK,2014,+,+,+,Cash Accumulator
AXISBANK,2015,+,+,+,Cash Accumulator
AXISBANK,2016,+,+,+,Cash Accumulator
AXISBANK,2017,+,+,+,Cash Accumulator
AXISBANK,2018,+,+,+,Cash Accumulator
AXISBANK,2019,+,+,+,Cash Accumulator
AXISBANK,2020,+,+,+,Cash Accumulator
AXISBANK,2021,+,+,+,Cash Accumulator
AXISBANK,2022,+,+,+,Cash Accumulator
AXISBANK,2023,+,+,+,Cash Accumulator
AXISBANK,2024,+,+,+,Cash Accumulator
AXISBANK,0,+,+,+,Cash Accumulator
BAJAJFINSV,2013,+,+,+,Cash Accumulator
BAJAJFINSV,2014,+,+,+,Cash Accumulator
BAJAJFINSV,2015,+,+,+,Cash Accumulator
BAJAJFINSV,2016,+,+,+,Cash Accumulator
BAJAJFINSV,2017,+,+,+,Cash Accumulator
BAJAJFINSV,2018,+,+,+,Cash Accumulator
BAJAJFINSV,2019,+,+,+,Cash Accumulator
BAJAJFINSV,2020,+,+,+,Cash Accumulator
BAJAJFINSV,2021,+,+,+,Cash Accumulator
BAJAJFINSV,2022,+,+,+,Cash Accumulator
BAJAJFINSV,2023,+,+,+,Cash Accumulator
BAJAJFINSV,2024,+,+,+,Cash Accumulator
BAJAJFINSV,0,+,+,+,Cash Accumulator
BAJAJHLDNG,2013,+,+,+,Cash Accumulator
BAJAJHLDNG,2014,+,+,+,Cash Accumulator
BAJAJHLDNG,2015,+,+,+,Cash Accumulator
BAJAJHLDNG,2016,+,+,+,Cash Accumulator
BAJAJHLDNG,2017,+,+,+,Cash Accumulator
BAJAJHLDNG,2018,+,+,+,Cash Accumulator
BAJAJHLDNG,2019,+,+,+,Cash Accumulator
BAJAJHLDNG,2020,+,+,+,Cash Accumulator
BAJAJHLDNG,2021,+,+,+,Cash Accumulator
BAJAJHLDNG,2022,+,+,+,Cash Accumulator
BAJAJHLDNG,2023,+,+,+,Cash Accumulator
BAJAJHLDNG,2024,+,+,+,Cash Accumulator
BAJAJHLDNG,0,+,+,+,Cash Accumulator
BAJFINANCE,2015,+,+,+,Cash Accumulator
BAJFINANCE,2016,+,+,+,Cash Accumulator
BAJFINANCE,2017,+,+,+,Cash Accumulator
BAJFINANCE,2018,+,+,+,Cash Accumulator
BAJFINANCE,2019,+,+,+,Cash Accumulator
BAJFINANCE,2020,+,+,+,Cash Accumulator
BAJFINANCE,2021,+,+,+,Cash Accumulator
BAJFINANCE,2022,+,+,+,Cash Accumulator
BAJFINANCE,2023,+,+,+,Cash Accumulator
BAJFINANCE,2024,+,+,+,Cash Accumulator
BAJFINANCE,0,+,+,+,Cash Accumulator
BANKBARODA,2013,+,+,+,Cash Accumulator
BANKBARODA,2014,+,+,+,Cash Accumulator
BANKBARODA,2015,+,+,+,Cash Accumulator
BANKBARODA,2016,+,+,+,Cash Accumulator
BANKBARODA,2017,+,+,+,Cash Accumulator
BANKBARODA,2018,+,+,+,Cash Accumulator
BANKBARODA,2019,+,+,+,Cash Accumulator
BANKBARODA,2020,+,+,+,Cash Accumulator
BANKBARODA,2021,+,+,+,Cash Accumulator
BANKBARODA,2022,+,+,+,Cash Accumulator
BANKBARODA,2023,+,+,+,Cash Accumulator
BANKBARODA,2024,+,+,+,Cash Accumulator
BANKBARODA,0,+,+,+,Cash Accumulator
BHARTIARTL,2013,+,+,+,Cash Accumulator
BHARTIARTL,2014,+,+,+,Cash Accumulator
BHARTIARTL,2015,+,+,+,Cash Accumulator
BHARTIARTL,2016,+,+,+,Cash Accumulator
BHARTIARTL,2017,+,+,+,Cash Accumulator
BHARTIARTL,2018,+,+,+,Cash Accumulator
BHARTIARTL,2019,+,+,+,Cash Accumulator
BHARTIARTL,2020,+,+,+,Cash Accumulator
BHARTIARTL,2021,+,+,+,Cash Accumulator
BHARTIARTL,2022,+,+,+,Cash Accumulator
BHARTIARTL,2023,+,+,+,Cash Accumulator
BHARTIARTL,2024,+,+,+,Cash Accumulator
BHARTIARTL,0,+,+,+,Cash Accumulator
BEL,2013,+,+,+,Cash Accumulator
BEL,2014,+,+,+,Cash Accumulator
BEL,2015,+,+,+,Cash Accumulator
BEL,2016,+,+,+,Cash Accumulator
BEL,2017,+,+,+,Cash Accumulator
BEL,2018,+,+,+,Cash Accumulator
BEL,2019,+,+,+,Cash Accumulator
BEL,2020,+,+,+,Cash Accumulator
BEL,2021,+,+,+,Cash Accumulator
BEL,2022,+,+,+,Cash Accumulator
BEL,2023,+,+,+,Cash Accumulator
BEL,2024,+,+,+,Cash Accumulator
BEL,0,+,+,+,Cash Accumulator
BHEL,2013,+,+,+,Cash Accumulator
BHEL,2014,+,+,+,Cash Accumulator
BHEL,2015,+,+,+,Cash Accumulator
BHEL,2016,+,+,+,Cash Accumulator
BHEL,2017,+,+,+,Cash Accumulator
BHEL,2018,+,+,+,Cash Accumulator
BHEL,2019,+,+,+,Cash Accumulator
BHEL,2020,+,+,+,Cash Accumulator
BHEL,2021,+,+,+,Cash Accumulator
BHEL,2022,+,+,+,Cash Accumulator
BHEL,2023,+,+,+,Cash Accumulator
BHEL,2024,+,+,+,Cash Accumulator
BHEL,0,+,+,+,Cash Accumulator
BOSCHLTD,2012,+,+,+,Cash Accumulator
BOSCHLTD,2013,+,+,+,Cash Accumulator
BOSCHLTD,2015,+,+,+,Cash Accumulator
BOSCHLTD,2016,+,+,+,Cash Accumulator
BOSCHLTD,2017,+,+,+,Cash Accumulator
BOSCHLTD,2018,+,+,+,Cash Accumulator
BOSCHLTD,2019,+,+,+,Cash Accumulator
BOSCHLTD,2020,+,+,+,Cash Accumulator
BOSCHLTD,2021,+,+,+,Cash Accumulator
BOSCHLTD,2022,+,+,+,Cash Accumulator
BOSCHLTD,2023,+,+,+,Cash Accumulator
BOSCHLTD,2024,+,+,+,Cash Accumulator
BOSCHLTD,0,+,+,+,Cash Accumulator
BPCL,2013,+,+,+,Cash Accumulator
BPCL,2014,+,+,+,Cash Accumulator
BPCL,2015,+,+,+,Cash Accumulator
BPCL,2016,+,+,+,Cash Accumulator
BPCL,2017,+,+,+,Cash Accumulator
BPCL,2018,+,+,+,Cash Accumulator
BPCL,2019,+,+,+,Cash Accumulator
BPCL,2020,+,+,+,Cash Accumulator
BPCL,2021,+,+,+,Cash Accumulator
BPCL,2022,+,+,+,Cash Accumulator
BPCL,2023,+,+,+,Cash Accumulator
BPCL,2024,+,+,+,Cash Accumulator
BPCL,0,+,+,+,Cash Accumulator
BRITANNIA,2013,+,+,+,Cash Accumulator
BRITANNIA,2014,+,+,+,Cash Accumulator
BRITANNIA,2015,+,+,+,Cash Accumulator
BRITANNIA,2016,+,+,+,Cash Accumulator
BRITANNIA,2017,+,+,+,Cash Accumulator
BRITANNIA,2018,+,+,+,Cash Accumulator
BRITANNIA,2019,+,+,+,Cash Accumulator
BRITANNIA,2020,+,+,+,Cash Accumulator
BRITANNIA,2021,+,+,+,Cash Accumulator
BRITANNIA,2022,+,+,+,Cash Accumulator
BRITANNIA,2023,+,+,+,Cash Accumulator
BRITANNIA,2024,+,+,+,Cash Accumulator
BRITANNIA,0,+,+,+,Cash Accumulator
CANBK,2013,+,+,+,Cash Accumulator
CANBK,2014,+,+,+,Cash Accumulator
CANBK,2015,+,+,+,Cash Accumulator
CANBK,2016,+,+,+,Cash Accumulator
CANBK,2017,+,+,+,Cash Accumulator
CANBK,2018,+,+,+,Cash Accumulator
CANBK,2019,+,+,+,Cash Accumulator
CANBK,2020,+,+,+,Cash Accumulator
CANBK,2021,+,+,+,Cash Accumulator
CANBK,2022,+,+,+,Cash Accumulator
CANBK,2023,+,+,+,Cash Accumulator
CANBK,2024,+,+,+,Cash Accumulator
CANBK,0,+,+,+,Cash Accumulator
CHOLAFIN,2013,+,+,+,Cash Accumulator
CHOLAFIN,2014,+,+,+,Cash Accumulator
CHOLAFIN,2015,+,+,+,Cash Accumulator
CHOLAFIN,2016,+,+,+,Cash Accumulator
CHOLAFIN,2017,+,+,+,Cash Accumulator
CHOLAFIN,2018,+,+,+,Cash Accumulator
CHOLAFIN,2019,+,+,+,Cash Accumulator
CHOLAFIN,2020,+,+,+,Cash Accumulator
CHOLAFIN,2021,+,+,+,Cash Accumulator
CHOLAFIN,2022,+,+,+,Cash Accumulator
CHOLAFIN,2023,+,+,+,Cash Accumulator
CHOLAFIN,2024,+,+,+,Cash Accumulator
CHOLAFIN,0,+,+,+,Cash Accumulator
CIPLA,2013,+,+,+,Cash Accumulator
CIPLA,2014,+,+,+,Cash Accumulator
CIPLA,2015,+,+,+,Cash Accumulator
CIPLA,2016,+,+,+,Cash Accumulator
CIPLA,2017,+,+,+,Cash Accumulator
CIPLA,2018,+,+,+,Cash Accumulator
CIPLA,2019,+,+,+,Cash Accumulator
CIPLA,2020,+,+,+,Cash Accumulator
CIPLA,2021,+,+,+,Cash Accumulator
CIPLA,2022,+,+,+,Cash Accumulator
CIPLA,2023,+,+,+,Cash Accumulator
CIPLA,2024,+,+,+,Cash Accumulator
CIPLA,0,+,+,+,Cash Accumulator
COALINDIA,2013,+,+,+,Cash Accumulator
COALINDIA,2014,+,+,+,Cash Accumulator
COALINDIA,2015,+,+,+,Cash Accumulator
COALINDIA,2016,+,+,+,Cash Accumulator
COALINDIA,2017,+,+,+,Cash Accumulator
COALINDIA,2018,+,+,+,Cash Accumulator
COALINDIA,2019,+,+,+,Cash Accumulator
COALINDIA,2020,+,+,+,Cash Accumulator
COALINDIA,2021,+,+,+,Cash Accumulator
COALINDIA,2022,+,+,+,Cash Accumulator
COALINDIA,2023,+,+,+,Cash Accumulator
COALINDIA,2024,+,+,+,Cash Accumulator
COALINDIA,0,+,+,+,Cash Accumulator
DABUR,2013,+,+,+,Cash Accumulator
DABUR,2014,+,+,+,Cash Accumulator
DABUR,2015,+,+,+,Cash Accumulator
DABUR,2016,+,+,+,Cash Accumulator
DABUR,2017,+,+,+,Cash Accumulator
DABUR,2018,+,+,+,Cash Accumulator
DABUR,2019,+,+,+,Cash Accumulator
DABUR,2020,+,+,+,Cash Accumulator
DABUR,2021,+,+,+,Cash Accumulator
DABUR,2022,+,+,+,Cash Accumulator
DABUR,2023,+,+,+,Cash Accumulator
DABUR,2024,+,+,+,Cash Accumulator
DABUR,0,+,+,+,Cash Accumulator
DIVISLAB,2013,+,+,+,Cash Accumulator
DIVISLAB,2014,+,+,+,Cash Accumulator
DIVISLAB,2015,+,+,+,Cash Accumulator
DIVISLAB,2016,+,+,+,Cash Accumulator
DIVISLAB,2017,+,+,+,Cash Accumulator
DIVISLAB,2018,+,+,+,Cash Accumulator
DIVISLAB,2019,+,+,+,Cash Accumulator
DIVISLAB,2020,+,+,+,Cash Accumulator
DIVISLAB,2021,+,+,+,Cash Accumulator
DIVISLAB,2022,+,+,+,Cash Accumulator
DIVISLAB,2023,+,+,+,Cash Accumulator
DIVISLAB,2024,+,+,+,Cash Accumulator
DIVISLAB,0,+,+,+,Cash Accumulator
DLF,2013,+,+,+,Cash Accumulator
DLF,2014,+,+,+,Cash Accumulator
DLF,2015,+,+,+,Cash Accumulator
DLF,2016,+,+,+,Cash Accumulator
DLF,2017,+,+,+,Cash Accumulator
DLF,2018,+,+,+,Cash Accumulator
DLF,2019,+,+,+,Cash Accumulator
DLF,2020,+,+,+,Cash Accumulator
DLF,2021,+,+,+,Cash Accumulator
DLF,2022,+,+,+,Cash Accumulator
DLF,2023,+,+,+,Cash Accumulator
DLF,2024,+,+,+,Cash Accumulator
DLF,0,+,+,+,Cash Accumulator
DMART,2013,+,+,+,Cash Accumulator
DMART,2014,+,+,+,Cash Accumulator
DMART,2015,+,+,+,Cash Accumulator
DMART,2016,+,+,+,Cash Accumulator
DMART,2017,+,+,+,Cash Accumulator
DMART,2018,+,+,+,Cash Accumulator
DMART,2019,+,+,+,Cash Accumulator
DMART,2020,+,+,+,Cash Accumulator
DMART,2021,+,+,+,Cash Accumulator
DMART,2022,+,+,+,Cash Accumulator
DMART,2023,+,+,+,Cash Accumulator
DMART,2024,+,+,+,Cash Accumulator
DMART,0,+,+,+,Cash Accumulator
DRREDDY,2013,+,+,+,Cash Accumulator
DRREDDY,2014,+,+,+,Cash Accumulator
DRREDDY,2015,+,+,+,Cash Accumulator
DRREDDY,2016,+,+,+,Cash Accumulator
DRREDDY,2017,+,+,+,Cash Accumulator
DRREDDY,2018,+,+,+,Cash Accumulator
DRREDDY,2019,+,+,+,Cash Accumulator
DRREDDY,2020,+,+,+,Cash Accumulator
DRREDDY,2021,+,+,+,Cash Accumulator
DRREDDY,2022,+,+,+,Cash Accumulator
DRREDDY,2023,+,+,+,Cash Accumulator
DRREDDY,2024,+,+,+,Cash Accumulator
DRREDDY,0,+,+,+,Cash Accumulator
EICHERMOT,2012,+,+,+,Cash Accumulator
EICHERMOT,2013,+,+,+,Cash Accumulator
EICHERMOT,2014,+,+,+,Cash Accumulator
EICHERMOT,2016,+,+,+,Cash Accumulator
EICHERMOT,2017,+,+,+,Cash Accumulator
EICHERMOT,2018,+,+,+,Cash Accumulator
EICHERMOT,2019,+,+,+,Cash Accumulator
EICHERMOT,2020,+,+,+,Cash Accumulator
EICHERMOT,2021,+,+,+,Cash Accumulator
EICHERMOT,2022,+,+,+,Cash Accumulator
EICHERMOT,2023,+,+,+,Cash Accumulator
EICHERMOT,2024,+,+,+,Cash Accumulator
EICHERMOT,0,+,+,+,Cash Accumulator
GAIL,2013,+,+,+,Cash Accumulator
GAIL,2014,+,+,+,Cash Accumulator
GAIL,2015,+,+,+,Cash Accumulator
GAIL,2016,+,+,+,Cash Accumulator
GAIL,2017,+,+,+,Cash Accumulator
GAIL,2018,+,+,+,Cash Accumulator
GAIL,2019,+,+,+,Cash Accumulator
GAIL,2020,+,+,+,Cash Accumulator
GAIL,2021,+,+,+,Cash Accumulator
GAIL,2022,+,+,+,Cash Accumulator
GAIL,2023,+,+,+,Cash Accumulator
GAIL,2024,+,+,+,Cash Accumulator
GAIL,0,+,+,+,Cash Accumulator
GODREJCP,2013,+,+,+,Cash Accumulator
GODREJCP,2014,+,+,+,Cash Accumulator
GODREJCP,2015,+,+,+,Cash Accumulator
GODREJCP,2016,+,+,+,Cash Accumulator
GODREJCP,2017,+,+,+,Cash Accumulator
GODREJCP,2018,+,+,+,Cash Accumulator
GODREJCP,2019,+,+,+,Cash Accumulator
GODREJCP,2020,+,+,+,Cash Accumulator
GODREJCP,2021,+,+,+,Cash Accumulator
GODREJCP,2022,+,+,+,Cash Accumulator
GODREJCP,2023,+,+,+,Cash Accumulator
GODREJCP,2024,+,+,+,Cash Accumulator
GODREJCP,0,+,+,+,Cash Accumulator
GRASIM,2013,+,+,+,Cash Accumulator
GRASIM,2014,+,+,+,Cash Accumulator
GRASIM,2015,+,+,+,Cash Accumulator
GRASIM,2016,+,+,+,Cash Accumulator
GRASIM,2017,+,+,+,Cash Accumulator
GRASIM,2018,+,+,+,Cash Accumulator
GRASIM,2019,+,+,+,Cash Accumulator
GRASIM,2020,+,+,+,Cash Accumulator
GRASIM,2021,+,+,+,Cash Accumulator
GRASIM,2022,+,+,+,Cash Accumulator
GRASIM,2023,+,+,+,Cash Accumulator
GRASIM,2024,+,+,+,Cash Accumulator
GRASIM,0,+,+,+,Cash Accumulator
HAL,2013,+,+,+,Cash Accumulator
HAL,2014,+,+,+,Cash Accumulator
HAL,2015,+,+,+,Cash Accumulator
HAL,2016,+,+,+,Cash Accumulator
HAL,2017,+,+,+,Cash Accumulator
HAL,2018,+,+,+,Cash Accumulator
HAL,2019,+,+,+,Cash Accumulator
HAL,2020,+,+,+,Cash Accumulator
HAL,2021,+,+,+,Cash Accumulator
HAL,2022,+,+,+,Cash Accumulator
HAL,2023,+,+,+,Cash Accumulator
HAL,2024,+,+,+,Cash Accumulator
HAL,0,+,+,+,Cash Accumulator
HAVELLS,2013,+,+,+,Cash Accumulator
HAVELLS,2014,+,+,+,Cash Accumulator
HAVELLS,2015,+,+,+,Cash Accumulator
HAVELLS,2016,+,+,+,Cash Accumulator
HAVELLS,2017,+,+,+,Cash Accumulator
HAVELLS,2018,+,+,+,Cash Accumulator
HAVELLS,2019,+,+,+,Cash Accumulator
HAVELLS,2020,+,+,+,Cash Accumulator
HAVELLS,2021,+,+,+,Cash Accumulator
HAVELLS,2022,+,+,+,Cash Accumulator
HAVELLS,2023,+,+,+,Cash Accumulator
HAVELLS,2024,+,+,+,Cash Accumulator
HAVELLS,0,+,+,+,Cash Accumulator
HCLTECH,2013,+,+,+,Cash Accumulator
HCLTECH,2014,+,+,+,Cash Accumulator
HCLTECH,2015,+,+,+,Cash Accumulator
HCLTECH,2016,+,+,+,Cash Accumulator
HCLTECH,2017,+,+,+,Cash Accumulator
HCLTECH,2018,+,+,+,Cash Accumulator
HCLTECH,2019,+,+,+,Cash Accumulator
HCLTECH,2020,+,+,+,Cash Accumulator
HCLTECH,2021,+,+,+,Cash Accumulator
HCLTECH,2022,+,+,+,Cash Accumulator
HCLTECH,2023,+,+,+,Cash Accumulator
HCLTECH,2024,+,+,+,Cash Accumulator
HCLTECH,0,+,+,+,Cash Accumulator
HDFCBANK,2013,+,+,+,Cash Accumulator
HDFCBANK,2014,+,+,+,Cash Accumulator
HDFCBANK,2015,+,+,+,Cash Accumulator
HDFCBANK,2016,+,+,+,Cash Accumulator
HDFCBANK,2017,+,+,+,Cash Accumulator
HDFCBANK,2018,+,+,+,Cash Accumulator
HDFCBANK,2019,+,+,+,Cash Accumulator
HDFCBANK,2020,+,+,+,Cash Accumulator
HDFCBANK,2021,+,+,+,Cash Accumulator
HDFCBANK,2022,+,+,+,Cash Accumulator
HDFCBANK,2023,+,+,+,Cash Accumulator
HDFCBANK,2024,+,+,+,Cash Accumulator
HDFCBANK,0,+,+,+,Cash Accumulator
HDFCLIFE,2013,+,+,+,Cash Accumulator
HDFCLIFE,2014,+,+,+,Cash Accumulator
HDFCLIFE,2015,+,+,+,Cash Accumulator
HDFCLIFE,2016,+,+,+,Cash Accumulator
HDFCLIFE,2017,+,+,+,Cash Accumulator
HDFCLIFE,2018,+,+,+,Cash Accumulator
HDFCLIFE,2019,+,+,+,Cash Accumulator
HDFCLIFE,2020,+,+,+,Cash Accumulator
HDFCLIFE,2021,+,+,+,Cash Accumulator
HDFCLIFE,2022,+,+,+,Cash Accumulator
HDFCLIFE,2023,+,+,+,Cash Accumulator
HDFCLIFE,2024,+,+,+,Cash Accumulator
HDFCLIFE,0,+,+,+,Cash Accumulator
HEROMOTOCO,2014,+,+,+,Cash Accumulator
HEROMOTOCO,2015,+,+,+,Cash Accumulator
HEROMOTOCO,2016,+,+,+,Cash Accumulator
HEROMOTOCO,2017,+,+,+,Cash Accumulator
HEROMOTOCO,2018,+,+,+,Cash Accumulator
HEROMOTOCO,2019,+,+,+,Cash Accumulator
HEROMOTOCO,2020,+,+,+,Cash Accumulator
HEROMOTOCO,2021,+,+,+,Cash Accumulator
HEROMOTOCO,2022,+,+,+,Cash Accumulator
HEROMOTOCO,2023,+,+,+,Cash Accumulator
HEROMOTOCO,2024,+,+,+,Cash Accumulator
HEROMOTOCO,0,+,+,+,Cash Accumulator
HINDALCO,2013,+,+,+,Cash Accumulator
HINDALCO,2014,+,+,+,Cash Accumulator
HINDALCO,2015,+,+,+,Cash Accumulator
HINDALCO,2016,+,+,+,Cash Accumulator
HINDALCO,2017,+,+,+,Cash Accumulator
HINDALCO,2018,+,+,+,Cash Accumulator
HINDALCO,2019,+,+,+,Cash Accumulator
HINDALCO,2020,+,+,+,Cash Accumulator
HINDALCO,2021,+,+,+,Cash Accumulator
HINDALCO,2022,+,+,+,Cash Accumulator
HINDALCO,2023,+,+,+,Cash Accumulator
HINDALCO,2024,+,+,+,Cash Accumulator
HINDALCO,0,+,+,+,Cash Accumulator
HINDUNILVR,2013,+,+,+,Cash Accumulator
HINDUNILVR,2014,+,+,+,Cash Accumulator
HINDUNILVR,2015,+,+,+,Cash Accumulator
HINDUNILVR,2016,+,+,+,Cash Accumulator
HINDUNILVR,2017,+,+,+,Cash Accumulator
HINDUNILVR,2018,+,+,+,Cash Accumulator
HINDUNILVR,2019,+,+,+,Cash Accumulator
HINDUNILVR,2020,+,+,+,Cash Accumulator
HINDUNILVR,2021,+,+,+,Cash Accumulator
HINDUNILVR,2022,+,+,+,Cash Accumulator
HINDUNILVR,2023,+,+,+,Cash Accumulator
HINDUNILVR,2024,+,+,+,Cash Accumulator
HINDUNILVR,0,+,+,+,Cash Accumulator
ICICIBANK,2013,+,+,+,Cash Accumulator
ICICIBANK,2014,+,+,+,Cash Accumulator
ICICIBANK,2015,+,+,+,Cash Accumulator
ICICIBANK,2016,+,+,+,Cash Accumulator
ICICIBANK,2017,+,+,+,Cash Accumulator
ICICIBANK,2018,+,+,+,Cash Accumulator
ICICIBANK,2019,+,+,+,Cash Accumulator
ICICIBANK,2020,+,+,+,Cash Accumulator
ICICIBANK,2021,+,+,+,Cash Accumulator
ICICIBANK,2022,+,+,+,Cash Accumulator
ICICIBANK,2023,+,+,+,Cash Accumulator
ICICIBANK,2024,+,+,+,Cash Accumulator
ICICIBANK,0,+,+,+,Cash Accumulator
ICICIGI,2013,+,+,+,Cash Accumulator
ICICIGI,2014,+,+,+,Cash Accumulator
ICICIGI,2015,+,+,+,Cash Accumulator
ICICIGI,2016,+,+,+,Cash Accumulator
ICICIGI,2017,+,+,+,Cash Accumulator
ICICIGI,2018,+,+,+,Cash Accumulator
ICICIGI,2019,+,+,+,Cash Accumulator
ICICIGI,2020,+,+,+,Cash Accumulator
ICICIGI,2021,+,+,+,Cash Accumulator
ICICIGI,2022,+,+,+,Cash Accumulator
ICICIGI,2023,+,+,+,Cash Accumulator
ICICIGI,2024,+,+,+,Cash Accumulator
ICICIGI,0,+,+,+,Cash Accumulator
ICICIPRULI,2013,+,+,+,Cash Accumulator
ICICIPRULI,2014,+,+,+,Cash Accumulator
ICICIPRULI,2015,+,+,+,Cash Accumulator
ICICIPRULI,2016,+,+,+,Cash Accumulator
ICICIPRULI,2017,+,+,+,Cash Accumulator
ICICIPRULI,2018,+,+,+,Cash Accumulator
ICICIPRULI,2019,+,+,+,Cash Accumulator
ICICIPRULI,2020,+,+,+,Cash Accumulator
ICICIPRULI,2021,+,+,+,Cash Accumulator
ICICIPRULI,2022,+,+,+,Cash Accumulator
ICICIPRULI,2023,+,+,+,Cash Accumulator
ICICIPRULI,2024,+,+,+,Cash Accumulator
ICICIPRULI,0,+,+,+,Cash Accumulator
INDUSINDBK,2013,+,+,+,Cash Accumulator
INDUSINDBK,2014,+,+,+,Cash Accumulator
INDUSINDBK,2015,+,+,+,Cash Accumulator
INDUSINDBK,2016,+,+,+,Cash Accumulator
INDUSINDBK,2017,+,+,+,Cash Accumulator
INDUSINDBK,2018,+,+,+,Cash Accumulator
INDUSINDBK,2019,+,+,+,Cash Accumulator
INDUSINDBK,2020,+,+,+,Cash Accumulator
INDUSINDBK,2021,+,+,+,Cash Accumulator
INDUSINDBK,2022,+,+,+,Cash Accumulator
INDUSINDBK,2023,+,+,+,Cash Accumulator
INDUSINDBK,2024,+,+,+,Cash Accumulator
INDUSINDBK,0,+,+,+,Cash Accumulator
INFY,2013,+,+,+,Cash Accumulator
INFY,2014,+,+,+,Cash Accumulator
INFY,2015,+,+,+,Cash Accumulator
INFY,2016,+,+,+,Cash Accumulator
INFY,2017,+,+,+,Cash Accumulator
INFY,2018,+,+,+,Cash Accumulator
INFY,2019,+,+,+,Cash Accumulator
INFY,2020,+,+,+,Cash Accumulator
INFY,2021,+,+,+,Cash Accumulator
INFY,2022,+,+,+,Cash Accumulator
INFY,2023,+,+,+,Cash Accumulator
INFY,2024,+,+,+,Cash Accumulator
INFY,0,+,+,+,Cash Accumulator
IOC,2013,+,+,+,Cash Accumulator
IOC,2014,+,+,+,Cash Accumulator
IOC,2015,+,+,+,Cash Accumulator
IOC,2016,+,+,+,Cash Accumulator
IOC,2017,+,+,+,Cash Accumulator
IOC,2018,+,+,+,Cash Accumulator
IOC,2019,+,+,+,Cash Accumulator
IOC,2020,+,+,+,Cash Accumulator
IOC,2021,+,+,+,Cash Accumulator
IOC,2022,+,+,+,Cash Accumulator
IOC,2023,+,+,+,Cash Accumulator
IOC,2024,+,+,+,Cash Accumulator
IOC,0,+,+,+,Cash Accumulator
IRCTC,2015,+,+,+,Cash Accumulator
IRCTC,2016,+,+,+,Cash Accumulator
IRCTC,2017,+,+,+,Cash Accumulator
IRCTC,2018,+,+,+,Cash Accumulator
IRCTC,2019,+,+,+,Cash Accumulator
IRCTC,2020,+,+,+,Cash Accumulator
IRCTC,2021,+,+,+,Cash Accumulator
IRCTC,2022,+,+,+,Cash Accumulator
IRCTC,2023,+,+,+,Cash Accumulator
IRCTC,2024,+,+,+,Cash Accumulator
IRCTC,0,+,+,+,Cash Accumulator
IRFC,2013,+,+,+,Cash Accumulator
IRFC,2014,+,+,+,Cash Accumulator
IRFC,2015,+,+,+,Cash Accumulator
IRFC,2016,+,+,+,Cash Accumulator
IRFC,2017,+,+,+,Cash Accumulator
IRFC,2018,+,+,+,Cash Accumulator
IRFC,2019,+,+,+,Cash Accumulator
IRFC,2020,+,+,+,Cash Accumulator
IRFC,2021,+,+,+,Cash Accumulator
IRFC,2022,+,+,+,Cash Accumulator
IRFC,2023,+,+,+,Cash Accumulator
IRFC,2024,+,+,+,Cash Accumulator
IRFC,0,+,+,+,Cash Accumulator
ITC,2013,+,+,+,Cash Accumulator
ITC,2014,+,+,+,Cash Accumulator
ITC,2015,+,+,+,Cash Accumulator
ITC,2016,+,+,+,Cash Accumulator
ITC,2017,+,+,+,Cash Accumulator
ITC,2018,+,+,+,Cash Accumulator
ITC,2019,+,+,+,Cash Accumulator
ITC,2020,+,+,+,Cash Accumulator
ITC,2021,+,+,+,Cash Accumulator
ITC,2022,+,+,+,Cash Accumulator
ITC,2023,+,+,+,Cash Accumulator
ITC,2024,+,+,+,Cash Accumulator
ITC,0,+,+,+,Cash Accumulator
JINDALSTEL,2013,+,+,+,Cash Accumulator
JINDALSTEL,2014,+,+,+,Cash Accumulator
JINDALSTEL,2015,+,+,+,Cash Accumulator
JINDALSTEL,2016,+,+,+,Cash Accumulator
JINDALSTEL,2017,+,+,+,Cash Accumulator
JINDALSTEL,2018,+,+,+,Cash Accumulator
JINDALSTEL,2019,+,+,+,Cash Accumulator
JINDALSTEL,2020,+,+,+,Cash Accumulator
JINDALSTEL,2021,+,+,+,Cash Accumulator
JINDALSTEL,2022,+,+,+,Cash Accumulator
JINDALSTEL,2023,+,+,+,Cash Accumulator
JINDALSTEL,2024,+,+,+,Cash Accumulator
JINDALSTEL,0,+,+,+,Cash Accumulator
JIOFIN,2023,+,+,+,Cash Accumulator
JIOFIN,2024,+,+,+,Cash Accumulator
JIOFIN,0,+,+,+,Cash Accumulator
JSWENERGY,2013,+,+,+,Cash Accumulator
JSWENERGY,2014,+,+,+,Cash Accumulator
JSWENERGY,2015,+,+,+,Cash Accumulator
JSWENERGY,2016,+,+,+,Cash Accumulator
JSWENERGY,2017,+,+,+,Cash Accumulator
JSWENERGY,2018,+,+,+,Cash Accumulator
JSWENERGY,2019,+,+,+,Cash Accumulator
JSWENERGY,2020,+,+,+,Cash Accumulator
JSWENERGY,2021,+,+,+,Cash Accumulator
JSWENERGY,2022,+,+,+,Cash Accumulator
JSWENERGY,2023,+,+,+,Cash Accumulator
JSWENERGY,2024,+,+,+,Cash Accumulator
JSWENERGY,0,+,+,+,Cash Accumulator
JSWSTEEL,2013,+,+,+,Cash Accumulator
JSWSTEEL,2014,+,+,+,Cash Accumulator
JSWSTEEL,2015,+,+,+,Cash Accumulator
JSWSTEEL,2016,+,+,+,Cash Accumulator
JSWSTEEL,2017,+,+,+,Cash Accumulator
JSWSTEEL,2018,+,+,+,Cash Accumulator
JSWSTEEL,2019,+,+,+,Cash Accumulator
JSWSTEEL,2020,+,+,+,Cash Accumulator
JSWSTEEL,2021,+,+,+,Cash Accumulator
JSWSTEEL,2022,+,+,+,Cash Accumulator
JSWSTEEL,2023,+,+,+,Cash Accumulator
JSWSTEEL,2024,+,+,+,Cash Accumulator
JSWSTEEL,0,+,+,+,Cash Accumulator
KOTAKBANK,2013,+,+,+,Cash Accumulator
KOTAKBANK,2014,+,+,+,Cash Accumulator
KOTAKBANK,2015,+,+,+,Cash Accumulator
KOTAKBANK,2016,+,+,+,Cash Accumulator
KOTAKBANK,2017,+,+,+,Cash Accumulator
KOTAKBANK,2018,+,+,+,Cash Accumulator
KOTAKBANK,2019,+,+,+,Cash Accumulator
KOTAKBANK,2020,+,+,+,Cash Accumulator
KOTAKBANK,2021,+,+,+,Cash Accumulator
KOTAKBANK,2022,+,+,+,Cash Accumulator
KOTAKBANK,2023,+,+,+,Cash Accumulator
KOTAKBANK,2024,+,+,+,Cash Accumulator
KOTAKBANK,0,+,+,+,Cash Accumulator
LICI,2019,+,+,+,Cash Accumulator
LICI,2020,+,+,+,Cash Accumulator
LICI,2021,+,+,+,Cash Accumulator
LICI,2022,+,+,+,Cash Accumulator
LICI,2023,+,+,+,Cash Accumulator
LICI,2024,+,+,+,Cash Accumulator
LICI,0,+,+,+,Cash Accumulator
LODHA,2011,+,+,+,Cash Accumulator
LODHA,2012,+,+,+,Cash Accumulator
LODHA,2015,+,+,+,Cash Accumulator
LODHA,2016,+,+,+,Cash Accumulator
LODHA,2017,+,+,+,Cash Accumulator
LODHA,2018,+,+,+,Cash Accumulator
LODHA,2019,+,+,+,Cash Accumulator
LODHA,2020,+,+,+,Cash Accumulator
LODHA,2021,+,+,+,Cash Accumulator
LODHA,2022,+,+,+,Cash Accumulator
LODHA,2023,+,+,+,Cash Accumulator
LODHA,2024,+,+,+,Cash Accumulator
LODHA,0,+,+,+,Cash Accumulator
LT,2013,+,+,+,Cash Accumulator
LT,2014,+,+,+,Cash Accumulator
LT,2015,+,+,+,Cash Accumulator
LT,2016,+,+,+,Cash Accumulator
LT,2017,+,+,+,Cash Accumulator
LT,2018,+,+,+,Cash Accumulator
LT,2019,+,+,+,Cash Accumulator
LT,2020,+,+,+,Cash Accumulator
LT,2021,+,+,+,Cash Accumulator
LT,2022,+,+,+,Cash Accumulator
LT,2023,+,+,+,Cash Accumulator
LT,2024,+,+,+,Cash Accumulator
LT,0,+,+,+,Cash Accumulator
LTIM,2013,+,+,+,Cash Accumulator
LTIM,2014,+,+,+,Cash Accumulator
LTIM,2015,+,+,+,Cash Accumulator
LTIM,2016,+,+,+,Cash Accumulator
LTIM,2017,+,+,+,Cash Accumulator
LTIM,2018,+,+,+,Cash Accumulator
LTIM,2019,+,+,+,Cash Accumulator
LTIM,2020,+,+,+,Cash Accumulator
LTIM,2021,+,+,+,Cash Accumulator
LTIM,2022,+,+,+,Cash Accumulator
LTIM,2023,+,+,+,Cash Accumulator
LTIM,2024,+,+,+,Cash Accumulator
LTIM,0,+,+,+,Cash Accumulator
M&M,2013,+,+,+,Cash Accumulator
M&M,2014,+,+,+,Cash Accumulator
M&M,2015,+,+,+,Cash Accumulator
M&M,2016,+,+,+,Cash Accumulator
M&M,2017,+,+,+,Cash Accumulator
M&M,2018,+,+,+,Cash Accumulator
M&M,2019,+,+,+,Cash Accumulator
M&M,2020,+,+,+,Cash Accumulator
M&M,2021,+,+,+,Cash Accumulator
M&M,2022,+,+,+,Cash Accumulator
M&M,2023,+,+,+,Cash Accumulator
M&M,2024,+,+,+,Cash Accumulator
M&M,0,+,+,+,Cash Accumulator
MARUTI,2013,+,+,+,Cash Accumulator
MARUTI,2014,+,+,+,Cash Accumulator
MARUTI,2015,+,+,+,Cash Accumulator
MARUTI,2016,+,+,+,Cash Accumulator
MARUTI,2017,+,+,+,Cash Accumulator
MARUTI,2018,+,+,+,Cash Accumulator
MARUTI,2019,+,+,+,Cash Accumulator
MARUTI,2020,+,+,+,Cash Accumulator
MARUTI,2021,+,+,+,Cash Accumulator
MARUTI,2022,+,+,+,Cash Accumulator
MARUTI,2023,+,+,+,Cash Accumulator
MARUTI,2024,+,+,+,Cash Accumulator
MARUTI,0,+,+,+,Cash Accumulator
MOTHERSON,2013,+,+,+,Cash Accumulator
MOTHERSON,2014,+,+,+,Cash Accumulator
MOTHERSON,2015,+,+,+,Cash Accumulator
MOTHERSON,2016,+,+,+,Cash Accumulator
MOTHERSON,2017,+,+,+,Cash Accumulator
MOTHERSON,2018,+,+,+,Cash Accumulator
MOTHERSON,2019,+,+,+,Cash Accumulator
MOTHERSON,2020,+,+,+,Cash Accumulator
MOTHERSON,2021,+,+,+,Cash Accumulator
MOTHERSON,2022,+,+,+,Cash Accumulator
MOTHERSON,2023,+,+,+,Cash Accumulator
MOTHERSON,2024,+,+,+,Cash Accumulator
MOTHERSON,0,+,+,+,Cash Accumulator
NAUKRI,2013,+,+,+,Cash Accumulator
NAUKRI,2014,+,+,+,Cash Accumulator
NAUKRI,2015,+,+,+,Cash Accumulator
NAUKRI,2016,+,+,+,Cash Accumulator
NAUKRI,2017,+,+,+,Cash Accumulator
NAUKRI,2018,+,+,+,Cash Accumulator
NAUKRI,2019,+,+,+,Cash Accumulator
NAUKRI,2020,+,+,+,Cash Accumulator
NAUKRI,2021,+,+,+,Cash Accumulator
NAUKRI,2022,+,+,+,Cash Accumulator
NAUKRI,2023,+,+,+,Cash Accumulator
NAUKRI,2024,+,+,+,Cash Accumulator
NAUKRI,0,+,+,+,Cash Accumulator
NESTLEIND,2013,+,+,+,Cash Accumulator
NESTLEIND,2014,+,+,+,Cash Accumulator
NESTLEIND,2015,+,+,+,Cash Accumulator
NESTLEIND,2016,+,+,+,Cash Accumulator
NESTLEIND,2017,+,+,+,Cash Accumulator
NESTLEIND,2018,+,+,+,Cash Accumulator
NESTLEIND,2019,+,+,+,Cash Accumulator
NESTLEIND,2020,+,+,+,Cash Accumulator
NESTLEIND,2021,+,+,+,Cash Accumulator
NESTLEIND,2022,+,+,+,Cash Accumulator
NESTLEIND,2023,+,+,+,Cash Accumulator
NESTLEIND,2024,+,+,+,Cash Accumulator
NESTLEIND,0,+,+,+,Cash Accumulator
NHPC,2013,+,+,+,Cash Accumulator
NHPC,2014,+,+,+,Cash Accumulator
NHPC,2015,+,+,+,Cash Accumulator
NHPC,2016,+,+,+,Cash Accumulator
NHPC,2017,+,+,+,Cash Accumulator
NHPC,2018,+,+,+,Cash Accumulator
NHPC,2019,+,+,+,Cash Accumulator
NHPC,2020,+,+,+,Cash Accumulator
NHPC,2021,+,+,+,Cash Accumulator
NHPC,2022,+,+,+,Cash Accumulator
NHPC,2023,+,+,+,Cash Accumulator
NHPC,2024,+,+,+,Cash Accumulator
NHPC,0,+,+,+,Cash Accumulator
NTPC,2013,+,+,+,Cash Accumulator
NTPC,2014,+,+,+,Cash Accumulator
NTPC,2015,+,+,+,Cash Accumulator
NTPC,2016,+,+,+,Cash Accumulator
NTPC,2017,+,+,+,Cash Accumulator
NTPC,2018,+,+,+,Cash Accumulator
NTPC,2019,+,+,+,Cash Accumulator
NTPC,2020,+,+,+,Cash Accumulator
NTPC,2021,+,+,+,Cash Accumulator
NTPC,2022,+,+,+,Cash Accumulator
NTPC,2023,+,+,+,Cash Accumulator
NTPC,2024,+,+,+,Cash Accumulator
NTPC,0,+,+,+,Cash Accumulator
ONGC,2013,+,+,+,Cash Accumulator
ONGC,2014,+,+,+,Cash Accumulator
ONGC,2015,+,+,+,Cash Accumulator
ONGC,2016,+,+,+,Cash Accumulator
ONGC,2017,+,+,+,Cash Accumulator
ONGC,2018,+,+,+,Cash Accumulator
ONGC,2019,+,+,+,Cash Accumulator
ONGC,2020,+,+,+,Cash Accumulator
ONGC,2021,+,+,+,Cash Accumulator
ONGC,2022,+,+,+,Cash Accumulator
ONGC,2023,+,+,+,Cash Accumulator
ONGC,2024,+,+,+,Cash Accumulator
ONGC,0,+,+,+,Cash Accumulator
PFC,2013,+,+,+,Cash Accumulator
PFC,2014,+,+,+,Cash Accumulator
PFC,2015,+,+,+,Cash Accumulator
PFC,2016,+,+,+,Cash Accumulator
PFC,2017,+,+,+,Cash Accumulator
PFC,2018,+,+,+,Cash Accumulator
PFC,2019,+,+,+,Cash Accumulator
PFC,2020,+,+,+,Cash Accumulator
PFC,2021,+,+,+,Cash Accumulator
PFC,2022,+,+,+,Cash Accumulator
PFC,2023,+,+,+,Cash Accumulator
PFC,2024,+,+,+,Cash Accumulator
PFC,0,+,+,+,Cash Accumulator
PIDILITIND,2013,+,+,+,Cash Accumulator
PIDILITIND,2014,+,+,+,Cash Accumulator
PIDILITIND,2015,+,+,+,Cash Accumulator
PIDILITIND,2016,+,+,+,Cash Accumulator
PIDILITIND,2017,+,+,+,Cash Accumulator
PIDILITIND,2018,+,+,+,Cash Accumulator
PIDILITIND,2019,+,+,+,Cash Accumulator
PIDILITIND,2020,+,+,+,Cash Accumulator
PIDILITIND,2021,+,+,+,Cash Accumulator
PIDILITIND,2022,+,+,+,Cash Accumulator
PIDILITIND,2023,+,+,+,Cash Accumulator
PIDILITIND,2024,+,+,+,Cash Accumulator
PIDILITIND,0,+,+,+,Cash Accumulator
PNB,2013,+,+,+,Cash Accumulator
PNB,2014,+,+,+,Cash Accumulator
PNB,2015,+,+,+,Cash Accumulator
PNB,2016,+,+,+,Cash Accumulator
PNB,2017,+,+,+,Cash Accumulator
PNB,2018,+,+,+,Cash Accumulator
PNB,2019,+,+,+,Cash Accumulator
PNB,2020,+,+,+,Cash Accumulator
PNB,2021,+,+,+,Cash Accumulator
PNB,2022,+,+,+,Cash Accumulator
PNB,2023,+,+,+,Cash Accumulator
PNB,2024,+,+,+,Cash Accumulator
PNB,0,+,+,+,Cash Accumulator
POWERGRID,2013,+,+,+,Cash Accumulator
POWERGRID,2014,+,+,+,Cash Accumulator
POWERGRID,2015,+,+,+,Cash Accumulator
POWERGRID,2016,+,+,+,Cash Accumulator
POWERGRID,2017,+,+,+,Cash Accumulator
POWERGRID,2018,+,+,+,Cash Accumulator
POWERGRID,2019,+,+,+,Cash Accumulator
POWERGRID,2020,+,+,+,Cash Accumulator
POWERGRID,2021,+,+,+,Cash Accumulator
POWERGRID,2022,+,+,+,Cash Accumulator
POWERGRID,2023,+,+,+,Cash Accumulator
POWERGRID,2024,+,+,+,Cash Accumulator
POWERGRID,0,+,+,+,Cash Accumulator
RECLTD,2013,+,+,+,Cash Accumulator
RECLTD,2014,+,+,+,Cash Accumulator
RECLTD,2015,+,+,+,Cash Accumulator
RECLTD,2016,+,+,+,Cash Accumulator
RECLTD,2017,+,+,+,Cash Accumulator
RECLTD,2018,+,+,+,Cash Accumulator
RECLTD,2019,+,+,+,Cash Accumulator
RECLTD,2020,+,+,+,Cash Accumulator
RECLTD,2021,+,+,+,Cash Accumulator
RECLTD,2022,+,+,+,Cash Accumulator
RECLTD,2023,+,+,+,Cash Accumulator
RECLTD,2024,+,+,+,Cash Accumulator
RECLTD,0,+,+,+,Cash Accumulator
RELIANCE,2013,+,+,+,Cash Accumulator
RELIANCE,2014,+,+,+,Cash Accumulator
RELIANCE,2015,+,+,+,Cash Accumulator
RELIANCE,2016,+,+,+,Cash Accumulator
RELIANCE,2017,+,+,+,Cash Accumulator
RELIANCE,2018,+,+,+,Cash Accumulator
RELIANCE,2019,+,+,+,Cash Accumulator
RELIANCE,2020,+,+,+,Cash Accumulator
RELIANCE,2021,+,+,+,Cash Accumulator
RELIANCE,2022,+,+,+,Cash Accumulator
RELIANCE,2023,+,+,+,Cash Accumulator
RELIANCE,2024,+,+,+,Cash Accumulator
RELIANCE,0,+,+,+,Cash Accumulator
SBILIFE,2013,+,+,+,Cash Accumulator
SBILIFE,2014,+,+,+,Cash Accumulator
SBILIFE,2015,+,+,+,Cash Accumulator
SBILIFE,2016,+,+,+,Cash Accumulator
SBILIFE,2017,+,+,+,Cash Accumulator
SBILIFE,2018,+,+,+,Cash Accumulator
SBILIFE,2019,+,+,+,Cash Accumulator
SBILIFE,2020,+,+,+,Cash Accumulator
SBILIFE,2021,+,+,+,Cash Accumulator
SBILIFE,2022,+,+,+,Cash Accumulator
SBILIFE,2023,+,+,+,Cash Accumulator
SBILIFE,2024,+,+,+,Cash Accumulator
SBILIFE,0,+,+,+,Cash Accumulator
SBIN,2013,+,+,+,Cash Accumulator
SBIN,2014,+,+,+,Cash Accumulator
SBIN,2015,+,+,+,Cash Accumulator
SBIN,2016,+,+,+,Cash Accumulator
SBIN,2017,+,+,+,Cash Accumulator
SBIN,2018,+,+,+,Cash Accumulator
SBIN,2019,+,+,+,Cash Accumulator
SBIN,2020,+,+,+,Cash Accumulator
SBIN,2021,+,+,+,Cash Accumulator
SBIN,2022,+,+,+,Cash Accumulator
SBIN,2023,+,+,+,Cash Accumulator
SBIN,2024,+,+,+,Cash Accumulator
SBIN,0,+,+,+,Cash Accumulator
SHREECEM,2013,+,+,+,Cash Accumulator
SHREECEM,2014,+,+,+,Cash Accumulator
SHREECEM,2015,+,+,+,Cash Accumulator
SHREECEM,2016,+,+,+,Cash Accumulator
SHREECEM,2017,+,+,+,Cash Accumulator
SHREECEM,2018,+,+,+,Cash Accumulator
SHREECEM,2019,+,+,+,Cash Accumulator
SHREECEM,2020,+,+,+,Cash Accumulator
SHREECEM,2021,+,+,+,Cash Accumulator
SHREECEM,2022,+,+,+,Cash Accumulator
SHREECEM,2023,+,+,+,Cash Accumulator
SHREECEM,2024,+,+,+,Cash Accumulator
SHREECEM,0,+,+,+,Cash Accumulator
SHRIRAMFIN,2013,+,+,+,Cash Accumulator
SHRIRAMFIN,2014,+,+,+,Cash Accumulator
SHRIRAMFIN,2015,+,+,+,Cash Accumulator
SHRIRAMFIN,2016,+,+,+,Cash Accumulator
SHRIRAMFIN,2017,+,+,+,Cash Accumulator
SHRIRAMFIN,2018,+,+,+,Cash Accumulator
SHRIRAMFIN,2019,+,+,+,Cash Accumulator
SHRIRAMFIN,2020,+,+,+,Cash Accumulator
SHRIRAMFIN,2021,+,+,+,Cash Accumulator
SHRIRAMFIN,2022,+,+,+,Cash Accumulator
SHRIRAMFIN,2023,+,+,+,Cash Accumulator
SHRIRAMFIN,2024,+,+,+,Cash Accumulator
SHRIRAMFIN,0,+,+,+,Cash Accumulator
SIEMENS,2011,+,+,+,Cash Accumulator
SIEMENS,2014,+,+,+,Cash Accumulator
SIEMENS,2015,+,+,+,Cash Accumulator
SIEMENS,2016,+,+,+,Cash Accumulator
SIEMENS,2017,+,+,+,Cash Accumulator
SIEMENS,2018,+,+,+,Cash Accumulator
SIEMENS,2019,+,+,+,Cash Accumulator
SIEMENS,2020,+,+,+,Cash Accumulator
SIEMENS,2021,+,+,+,Cash Accumulator
SIEMENS,2022,+,+,+,Cash Accumulator
SIEMENS,2023,+,+,+,Cash Accumulator
SIEMENS,2024,+,+,+,Cash Accumulator
SUNPHARMA,2013,+,+,+,Cash Accumulator
SUNPHARMA,2014,+,+,+,Cash Accumulator
SUNPHARMA,2015,+,+,+,Cash Accumulator
SUNPHARMA,2016,+,+,+,Cash Accumulator
SUNPHARMA,2017,+,+,+,Cash Accumulator
SUNPHARMA,2018,+,+,+,Cash Accumulator
SUNPHARMA,2019,+,+,+,Cash Accumulator
SUNPHARMA,2020,+,+,+,Cash Accumulator
SUNPHARMA,2021,+,+,+,Cash Accumulator
SUNPHARMA,2022,+,+,+,Cash Accumulator
SUNPHARMA,2023,+,+,+,Cash Accumulator
SUNPHARMA,2024,+,+,+,Cash Accumulator
SUNPHARMA,0,+,+,+,Cash Accumulator
TATACONSUM,2013,+,+,+,Cash Accumulator
TATACONSUM,2014,+,+,+,Cash Accumulator
TATACONSUM,2015,+,+,+,Cash Accumulator
TATACONSUM,2016,+,+,+,Cash Accumulator
TATACONSUM,2017,+,+,+,Cash Accumulator
TATACONSUM,2018,+,+,+,Cash Accumulator
TATACONSUM,2019,+,+,+,Cash Accumulator
TATACONSUM,2020,+,+,+,Cash Accumulator
TATACONSUM,2021,+,+,+,Cash Accumulator
TATACONSUM,2022,+,+,+,Cash Accumulator
TATACONSUM,2023,+,+,+,Cash Accumulator
TATACONSUM,2024,+,+,+,Cash Accumulator
TATACONSUM,0,+,+,+,Cash Accumulator
TATAMOTORS,2013,+,+,+,Cash Accumulator
TATAMOTORS,2014,+,+,+,Cash Accumulator
TATAMOTORS,2015,+,+,+,Cash Accumulator
TATAMOTORS,2016,+,+,+,Cash Accumulator
TATAMOTORS,2017,+,+,+,Cash Accumulator
TATAMOTORS,2018,+,+,+,Cash Accumulator
TATAMOTORS,2019,+,+,+,Cash Accumulator
TATAMOTORS,2020,+,+,+,Cash Accumulator
TATAMOTORS,2021,+,+,+,Cash Accumulator
TATAMOTORS,2022,+,+,+,Cash Accumulator
TATAMOTORS,2023,+,+,+,Cash Accumulator
TATAMOTORS,2024,+,+,+,Cash Accumulator
TATAMOTORS,0,+,+,+,Cash Accumulator
TATAPOWER,2013,+,+,+,Cash Accumulator
TATAPOWER,2014,+,+,+,Cash Accumulator
TATAPOWER,2015,+,+,+,Cash Accumulator
TATAPOWER,2016,+,+,+,Cash Accumulator
TATAPOWER,2017,+,+,+,Cash Accumulator
TATAPOWER,2018,+,+,+,Cash Accumulator
TATAPOWER,2019,+,+,+,Cash Accumulator
TATAPOWER,2020,+,+,+,Cash Accumulator
TATAPOWER,2021,+,+,+,Cash Accumulator
TATAPOWER,2022,+,+,+,Cash Accumulator
TATAPOWER,2023,+,+,+,Cash Accumulator
TATAPOWER,2024,+,+,+,Cash Accumulator
TATAPOWER,0,+,+,+,Cash Accumulator
TATASTEEL,2013,+,+,+,Cash Accumulator
TATASTEEL,2014,+,+,+,Cash Accumulator
TATASTEEL,2015,+,+,+,Cash Accumulator
TATASTEEL,2016,+,+,+,Cash Accumulator
TATASTEEL,2017,+,+,+,Cash Accumulator
TATASTEEL,2018,+,+,+,Cash Accumulator
TATASTEEL,2019,+,+,+,Cash Accumulator
TATASTEEL,2020,+,+,+,Cash Accumulator
TATASTEEL,2021,+,+,+,Cash Accumulator
TATASTEEL,2022,+,+,+,Cash Accumulator
TATASTEEL,2023,+,+,+,Cash Accumulator
TATASTEEL,2024,+,+,+,Cash Accumulator
TATASTEEL,0,+,+,+,Cash Accumulator
TCS,2013,+,+,+,Cash Accumulator
TCS,2014,+,+,+,Cash Accumulator
TCS,2015,+,+,+,Cash Accumulator
TCS,2016,+,+,+,Cash Accumulator
TCS,2017,+,+,+,Cash Accumulator
TCS,2018,+,+,+,Cash Accumulator
TCS,2019,+,+,+,Cash Accumulator
TCS,2020,+,+,+,Cash Accumulator
TCS,2021,+,+,+,Cash Accumulator
TCS,2022,+,+,+,Cash Accumulator
TCS,2023,+,+,+,Cash Accumulator
TCS,2024,+,+,+,Cash Accumulator
TCS,0,+,+,+,Cash Accumulator
TECHM,2013,+,+,+,Cash Accumulator
TECHM,2014,+,+,+,Cash Accumulator
TECHM,2015,+,+,+,Cash Accumulator
TECHM,2016,+,+,+,Cash Accumulator
TECHM,2017,+,+,+,Cash Accumulator
TECHM,2018,+,+,+,Cash Accumulator
TECHM,2019,+,+,+,Cash Accumulator
TECHM,2020,+,+,+,Cash Accumulator
TECHM,2021,+,+,+,Cash Accumulator
TECHM,2022,+,+,+,Cash Accumulator
TECHM,2023,+,+,+,Cash Accumulator
TECHM,2024,+,+,+,Cash Accumulator
TECHM,0,+,+,+,Cash Accumulator
TITAN,2013,+,+,+,Cash Accumulator
TITAN,2014,+,+,+,Cash Accumulator
TITAN,2015,+,+,+,Cash Accumulator
TITAN,2016,+,+,+,Cash Accumulator
TITAN,2017,+,+,+,Cash Accumulator
TITAN,2018,+,+,+,Cash Accumulator
TITAN,2019,+,+,+,Cash Accumulator
TITAN,2020,+,+,+,Cash Accumulator
TITAN,2021,+,+,+,Cash Accumulator
TITAN,2022,+,+,+,Cash Accumulator
TITAN,2023,+,+,+,Cash Accumulator
TITAN,2024,+,+,+,Cash Accumulator
TITAN,0,+,+,+,Cash Accumulator
TORNTPHARM,2013,+,+,+,Cash Accumulator
TORNTPHARM,2014,+,+,+,Cash Accumulator
TORNTPHARM,2015,+,+,+,Cash Accumulator
TORNTPHARM,2016,+,+,+,Cash Accumulator
TORNTPHARM,2017,+,+,+,Cash Accumulator
TORNTPHARM,2018,+,+,+,Cash Accumulator
TORNTPHARM,2019,+,+,+,Cash Accumulator
TORNTPHARM,2020,+,+,+,Cash Accumulator
TORNTPHARM,2021,+,+,+,Cash Accumulator
TORNTPHARM,2022,+,+,+,Cash Accumulator
TORNTPHARM,2023,+,+,+,Cash Accumulator
TORNTPHARM,2024,+,+,+,Cash Accumulator
TORNTPHARM,0,+,+,+,Cash Accumulator
TRENT,2013,+,+,+,Cash Accumulator
TRENT,2014,+,+,+,Cash Accumulator
TRENT,2015,+,+,+,Cash Accumulator
TRENT,2016,+,+,+,Cash Accumulator
TRENT,2017,+,+,+,Cash Accumulator
TRENT,2018,+,+,+,Cash Accumulator
TRENT,2019,+,+,+,Cash Accumulator
TRENT,2020,+,+,+,Cash Accumulator
TRENT,2021,+,+,+,Cash Accumulator
TRENT,2022,+,+,+,Cash Accumulator
TRENT,2023,+,+,+,Cash Accumulator
TRENT,2024,+,+,+,Cash Accumulator
TRENT,0,+,+,+,Cash Accumulator
TVSMOTOR,2013,+,+,+,Cash Accumulator
TVSMOTOR,2014,+,+,+,Cash Accumulator
TVSMOTOR,2015,+,+,+,Cash Accumulator
TVSMOTOR,2016,+,+,+,Cash Accumulator
TVSMOTOR,2017,+,+,+,Cash Accumulator
TVSMOTOR,2018,+,+,+,Cash Accumulator
TVSMOTOR,2019,+,+,+,Cash Accumulator
TVSMOTOR,2020,+,+,+,Cash Accumulator
TVSMOTOR,2021,+,+,+,Cash Accumulator
TVSMOTOR,2022,+,+,+,Cash Accumulator
TVSMOTOR,2023,+,+,+,Cash Accumulator
TVSMOTOR,2024,+,+,+,Cash Accumulator
TVSMOTOR,0,+,+,+,Cash Accumulator
SHRIRAMFIN,2012,+,+,+,Cash Accumulator
INDIGO,2013,+,+,+,Cash Accumulator
INDIGO,2014,+,+,+,Cash Accumulator
INDIGO,2015,+,+,+,Cash Accumulator
INDIGO,2016,+,+,+,Cash Accumulator
INDIGO,2017,+,+,+,Cash Accumulator
INDIGO,2018,+,+,+,Cash Accumulator
INDIGO,2019,+,+,+,Cash Accumulator
INDIGO,2020,+,+,+,Cash Accumulator
INDIGO,2021,+,+,+,Cash Accumulator
INDIGO,2022,+,+,+,Cash Accumulator
INDIGO,2023,+,+,+,Cash Accumulator
INDIGO,2024,+,+,+,Cash Accumulator
INDIGO,0,+,+,+,Cash Accumulator
